{"cameraMode":{"drawMode":0,"name":"Shaded","section":"Shading Mode"},"sceneLighting":true,"audioPlay":false,"sceneViewState":{"showFog":true,"showMaterialUpdate":false,"showSkybox":true,"showFlares":true,"showImageEffects":true,"showParticleSystems":true},"in2DMode":false,"pivot":{"x":1.3895998001098633,"y":1.0200653076171876,"z":-1.653482437133789},"rotation":{"x":-0.04746087267994881,"y":0.9472506046295166,"z":-0.16680775582790376,"w":-0.2695157825946808},"size":10.0,"orthographic":false}