{"cameraMode":{"drawMode":0,"name":"Shaded","section":"Shading Mode"},"sceneLighting":false,"audioPlay":false,"sceneViewState":{"showFog":true,"showMaterialUpdate":false,"showSkybox":false,"showFlares":true,"showImageEffects":true,"showParticleSystems":true},"in2DMode":false,"pivot":{"x":15.515998840332032,"y":2.0969998836517336,"z":-5.091000080108643},"rotation":{"x":0.14378204941749574,"y":0.054910991340875629,"z":-0.00549189280718565,"w":0.9884847402572632},"size":2.8578829765319826,"orthographic":false}