{"cameraMode":{"drawMode":0,"name":"Shaded","section":"Shading Mode"},"sceneLighting":false,"audioPlay":false,"sceneViewState":{"showFog":true,"showMaterialUpdate":false,"showSkybox":false,"showFlares":true,"showImageEffects":true,"showParticleSystems":true},"in2DMode":false,"pivot":{"x":2.6345503330230715,"y":-1.392187237739563,"z":-1.4749555587768555},"rotation":{"x":-0.0709003210067749,"y":-0.924139142036438,"z":0.3106766641139984,"w":-0.21092592179775239},"size":5.183536529541016,"orthographic":false}